session,shank,current_center_um,early_sink_um,comparable,reason,cached_contacts,shifted_contacts
Allen_2022-02-16,0,595.0,595.0,True,Split-run agreement ≤70 µm and nonedge CSD minimum,"[[22, 23, 24, 25, 26, 27, 28, 29, 30, 31], [13, 14, 15, 16, 17, 18, 19, 20, 21], [0, 1, 2, 3, 4, 5, 6, 7, 8, 9, 10, 11, 12]]","[[22, 23, 24, 25, 26, 27, 28, 29, 30, 31], [13, 14, 15, 16, 17, 18, 19, 20, 21], [0, 1, 2, 3, 4, 5, 6, 7, 8, 9, 10, 11, 12]]"
Allen_2022-02-16,1,525.0,560.0,True,Split-run agreement ≤70 µm and nonedge CSD minimum,"[[52, 53, 54, 55, 56, 57, 58, 59, 60, 61, 62, 63], [43, 44, 45, 46, 47, 48, 49, 50, 51], [32, 33, 34, 35, 36, 37, 38, 39, 40, 41, 42]]","[[53, 54, 55, 56, 57, 58, 59, 60, 61, 62, 63], [44, 45, 46, 47, 48, 49, 50, 51, 52], [32, 33, 34, 35, 36, 37, 38, 39, 40, 41, 42, 43]]"
Allen_2022-02-18,0,840.0,805.0,True,Split-run agreement ≤70 µm and nonedge CSD minimum,"[[29, 30, 31], [20, 21, 22, 23, 24, 25, 26, 27, 28], [12, 13, 14, 15, 16, 17, 18, 19]]","[[28, 29, 30, 31], [19, 20, 21, 22, 23, 24, 25, 26, 27], [12, 13, 14, 15, 16, 17, 18]]"
Allen_2022-02-18,1,805.0,805.0,True,Split-run agreement ≤70 µm and nonedge CSD minimum,"[[60, 61, 62, 63], [51, 52, 53, 54, 55, 56, 57, 58, 59], [44, 45, 46, 47, 48, 49, 50]]","[[60, 61, 62, 63], [51, 52, 53, 54, 55, 56, 57, 58, 59], [44, 45, 46, 47, 48, 49, 50]]"
Allen_2022-02-24,0,525.0,560.0,False,No supported nonedge flash sink,"[[20, 21, 22, 23, 24, 25, 26, 27, 28], [11, 12, 13, 14, 15, 16, 17, 18, 19], [0, 1, 2, 3, 4, 5, 6, 7, 8, 9, 10]]","[[], [], []]"
Allen_2022-02-24,1,525.0,560.0,True,Split-run agreement ≤70 µm and nonedge CSD minimum,"[[52, 53, 54, 55, 56, 57, 58, 59, 60], [43, 44, 45, 46, 47, 48, 49, 50, 51], [32, 33, 34, 35, 36, 37, 38, 39, 40, 41, 42]]","[[53, 54, 55, 56, 57, 58, 59, 60], [44, 45, 46, 47, 48, 49, 50, 51, 52], [32, 33, 34, 35, 36, 37, 38, 39, 40, 41, 42, 43]]"
Allen_2022-03-02,0,770.0,805.0,True,Split-run agreement ≤70 µm and nonedge CSD minimum,"[[27, 28, 29, 30, 31], [18, 19, 20, 21, 22, 23, 24, 25, 26], [6, 7, 8, 9, 10, 11, 12, 13, 14, 15, 16, 17]]","[[28, 29, 30, 31], [19, 20, 21, 22, 23, 24, 25, 26, 27], [6, 7, 8, 9, 10, 11, 12, 13, 14, 15, 16, 17, 18]]"
Allen_2022-03-02,1,630.0,840.0,True,Split-run agreement ≤70 µm and nonedge CSD minimum,"[[55, 56, 57, 58, 59, 60, 61, 62, 63], [46, 47, 48, 49, 50, 51, 52, 53, 54], [38, 39, 40, 41, 42, 43, 44, 45]]","[[61, 62, 63], [52, 53, 54, 55, 56, 57, 58, 59, 60], [38, 39, 40, 41, 42, 43, 44, 45, 46, 47, 48, 49, 50, 51]]"
Allen_2022-03-04,0,665.0,665.0,True,Split-run agreement ≤70 µm and nonedge CSD minimum,"[[24, 25, 26, 27, 28, 29, 30, 31], [15, 16, 17, 18, 19, 20, 21, 22, 23], [6, 7, 8, 9, 10, 11, 12, 13, 14]]","[[24, 25, 26, 27, 28, 29, 30, 31], [15, 16, 17, 18, 19, 20, 21, 22, 23], [6, 7, 8, 9, 10, 11, 12, 13, 14]]"
Allen_2022-03-04,1,665.0,665.0,True,Split-run agreement ≤70 µm and nonedge CSD minimum,"[[56, 57, 58, 59, 60, 61, 62, 63], [47, 48, 49, 50, 51, 52, 53, 54, 55], [38, 39, 40, 41, 42, 43, 44, 45, 46]]","[[56, 57, 58, 59, 60, 61, 62, 63], [47, 48, 49, 50, 51, 52, 53, 54, 55], [38, 39, 40, 41, 42, 43, 44, 45, 46]]"
Allen_2022-03-30,0,385.0,420.0,True,Split-run agreement ≤70 µm and nonedge CSD minimum,"[[16, 17, 18, 19, 20, 21, 22, 23, 24, 25], [7, 8, 9, 10, 11, 12, 13, 14, 15], [0, 1, 2, 3, 4, 5, 6]]","[[17, 18, 19, 20, 21, 22, 23, 24, 25], [8, 9, 10, 11, 12, 13, 14, 15, 16], [0, 1, 2, 3, 4, 5, 6, 7]]"
Allen_2022-03-30,1,385.0,350.0,True,Split-run agreement ≤70 µm and nonedge CSD minimum,"[[48, 49, 50, 51, 52, 53, 54, 55, 56, 57], [39, 40, 41, 42, 43, 44, 45, 46, 47], [32, 33, 34, 35, 36, 37, 38]]","[[47, 48, 49, 50, 51, 52, 53, 54, 55, 56, 57], [38, 39, 40, 41, 42, 43, 44, 45, 46], [32, 33, 34, 35, 36, 37]]"
Allen_2022-04-01,0,630.0,630.0,True,Split-run agreement ≤70 µm and nonedge CSD minimum,"[[23, 24, 25, 26, 27, 28, 29, 30, 31], [14, 15, 16, 17, 18, 19, 20, 21, 22], [5, 6, 7, 8, 9, 10, 11, 12, 13]]","[[23, 24, 25, 26, 27, 28, 29, 30, 31], [14, 15, 16, 17, 18, 19, 20, 21, 22], [5, 6, 7, 8, 9, 10, 11, 12, 13]]"
Allen_2022-04-01,1,630.0,665.0,True,Split-run agreement ≤70 µm and nonedge CSD minimum,"[[55, 56, 57, 58, 59, 60, 61, 62, 63], [46, 47, 48, 49, 50, 51, 52, 53, 54], [37, 38, 39, 40, 41, 42, 43, 44, 45]]","[[56, 57, 58, 59, 60, 61, 62, 63], [47, 48, 49, 50, 51, 52, 53, 54, 55], [37, 38, 39, 40, 41, 42, 43, 44, 45, 46]]"
Allen_2022-04-06,0,455.0,455.0,True,Split-run agreement ≤70 µm and nonedge CSD minimum,"[[18, 19, 20, 21, 22, 23, 24, 25, 26, 27, 28, 29, 30, 31], [9, 10, 11, 12, 13, 14, 15, 16, 17], [0, 1, 2, 3, 4, 5, 6, 7, 8]]","[[18, 19, 20, 21, 22, 23, 24, 25, 26, 27, 28, 29, 30, 31], [9, 10, 11, 12, 13, 14, 15, 16, 17], [0, 1, 2, 3, 4, 5, 6, 7, 8]]"
Allen_2022-04-06,1,455.0,455.0,True,Split-run agreement ≤70 µm and nonedge CSD minimum,"[[50, 51, 52, 53, 54, 55, 56, 57, 58, 59, 60, 61, 62, 63], [41, 42, 43, 44, 45, 46, 47, 48, 49], [32, 33, 34, 35, 36, 39, 40]]","[[50, 51, 52, 53, 54, 55, 56, 57, 58, 59, 60, 61, 62, 63], [41, 42, 43, 44, 45, 46, 47, 48, 49], [32, 33, 34, 35, 36, 39, 40]]"
Allen_2022-04-08,0,490.0,490.0,True,Split-run agreement ≤70 µm and nonedge CSD minimum,"[[19, 20, 21, 22, 23, 24, 25, 26, 27, 28, 29, 30, 31], [10, 11, 12, 13, 14, 15, 16, 17, 18], [2, 3, 4, 5, 6, 7, 8, 9]]","[[19, 20, 21, 22, 23, 24, 25, 26, 27, 28, 29, 30, 31], [10, 11, 12, 13, 14, 15, 16, 17, 18], [2, 3, 4, 5, 6, 7, 8, 9]]"
Allen_2022-04-08,1,490.0,490.0,True,Split-run agreement ≤70 µm and nonedge CSD minimum,"[[51, 52, 53, 54, 55, 56, 57, 58, 59, 60, 61, 62, 63], [42, 43, 44, 45, 46, 47, 48, 49, 50], [34, 35, 36, 37, 38, 39, 40, 41]]","[[51, 52, 53, 54, 55, 56, 57, 58, 59, 60, 61, 62, 63], [42, 43, 44, 45, 46, 47, 48, 49, 50], [34, 35, 36, 37, 38, 39, 40, 41]]"
Allen_2022-04-13,0,805.0,805.0,True,Split-run agreement ≤70 µm and nonedge CSD minimum,"[[28, 29, 30, 31], [19, 20, 21, 22, 23, 24, 25, 26, 27], [6, 7, 8, 9, 10, 11, 12, 13, 14, 15, 16, 17, 18]]","[[28, 29, 30, 31], [19, 20, 21, 22, 23, 24, 25, 26, 27], [6, 7, 8, 9, 10, 11, 12, 13, 14, 15, 16, 17, 18]]"
Allen_2022-04-13,1,420.0,665.0,True,Split-run agreement ≤70 µm and nonedge CSD minimum,"[[49, 50, 51, 52, 53, 54, 55, 56, 57, 58, 59, 60, 61, 62, 63], [40, 41, 42, 43, 44, 45, 46, 47, 48], [38, 39]]","[[56, 57, 58, 59, 60, 61, 62, 63], [47, 48, 49, 50, 51, 52, 53, 54, 55], [38, 39, 40, 41, 42, 43, 44, 45, 46]]"
Allen_2022-04-15,0,525.0,560.0,True,Split-run agreement ≤70 µm and nonedge CSD minimum,"[[20, 21, 22, 23, 24, 25, 26, 27, 28, 29, 30, 31], [11, 12, 13, 14, 15, 16, 17, 18, 19], [0, 1, 2, 3, 4, 5, 6, 7, 8, 9, 10]]","[[21, 22, 23, 24, 25, 26, 27, 28, 29, 30, 31], [12, 13, 14, 15, 16, 17, 18, 19, 20], [0, 1, 2, 3, 4, 5, 6, 7, 8, 9, 10, 11]]"
Allen_2022-04-15,1,490.0,490.0,True,Split-run agreement ≤70 µm and nonedge CSD minimum,"[[51, 52, 53, 54, 55, 56, 57, 58, 59, 60, 61, 62, 63], [42, 43, 44, 45, 46, 47, 48, 49, 50], [32, 33, 34, 35, 36, 37, 38, 39, 40, 41]]","[[51, 52, 53, 54, 55, 56, 57, 58, 59, 60, 61, 62, 63], [42, 43, 44, 45, 46, 47, 48, 49, 50], [32, 33, 34, 35, 36, 37, 38, 39, 40, 41]]"
Allen_2022-06-01,0,500.0,,False,No supported nonedge flash sink,"[[19, 20, 21, 22, 23, 24, 25, 26, 27, 28], [11, 12, 13, 14, 15, 16, 17, 18], [0, 1, 2, 3, 4, 5, 6, 7, 8, 9, 10]]","[[], [], []]"
Allen_2022-06-01,1,500.0,,False,No supported nonedge flash sink,"[[51, 52, 53, 54, 55, 56, 57, 58, 59, 60], [43, 44, 45, 46, 47, 48, 49, 50], [32, 33, 34, 35, 36, 37, 38, 39, 40, 41, 42]]","[[], [], []]"
Allen_2022-06-10,0,490.0,490.0,True,Split-run agreement ≤70 µm and nonedge CSD minimum,"[[19, 20, 21, 22, 23, 24, 25, 26, 27, 28, 29, 30, 31], [10, 11, 12, 13, 14, 15, 16, 17, 18], [0, 1, 2, 3, 4, 5, 6, 7, 8, 9]]","[[19, 20, 21, 22, 23, 24, 25, 26, 27, 28, 29, 30, 31], [10, 11, 12, 13, 14, 15, 16, 17, 18], [0, 1, 2, 3, 4, 5, 6, 7, 8, 9]]"
Allen_2022-06-10,1,455.0,455.0,True,Split-run agreement ≤70 µm and nonedge CSD minimum,"[[50, 51, 52, 53, 54, 55, 56, 57, 58, 59, 60, 61, 62, 63], [41, 42, 43, 44, 45, 46, 47, 48, 49], [32, 33, 34, 35, 36, 37, 38, 39, 40]]","[[50, 51, 52, 53, 54, 55, 56, 57, 58, 59, 60, 61, 62, 63], [41, 42, 43, 44, 45, 46, 47, 48, 49], [32, 33, 34, 35, 36, 37, 38, 39, 40]]"
Allen_2022-08-05,0,595.0,595.0,True,Split-run agreement ≤70 µm and nonedge CSD minimum,"[[22, 23, 24, 25, 26, 27, 28, 29, 30, 31], [13, 14, 15, 16, 17, 18, 19, 20, 21], [3, 4, 5, 6, 7, 8, 9, 10, 11, 12]]","[[22, 23, 24, 25, 26, 27, 28, 29, 30, 31], [13, 14, 15, 16, 17, 18, 19, 20, 21], [3, 4, 5, 6, 7, 8, 9, 10, 11, 12]]"
Allen_2022-08-05,1,525.0,560.0,True,Split-run agreement ≤70 µm and nonedge CSD minimum,"[[52, 53, 54, 55, 56, 57, 58, 59, 60, 61, 62, 63], [43, 44, 45, 46, 47, 48, 49, 50, 51], [35, 36, 37, 38, 39, 40, 41, 42]]","[[53, 54, 55, 56, 57, 58, 59, 60, 61, 62, 63], [44, 45, 46, 47, 48, 49, 50, 51, 52], [35, 36, 37, 38, 39, 40, 41, 42, 43]]"
Logan_2019-12-20,0,175.0,315.0,False,No supported nonedge flash sink,"[[11, 12, 13], [1, 3, 4, 5, 7, 8, 9], [0]]","[[], [], []]"
Logan_2019-12-20,1,210.0,175.0,True,Split-run agreement ≤70 µm and nonedge CSD minimum,"[[44, 45, 46], [34, 35, 36, 37, 38, 40, 41, 42], [32, 33]]","[[42, 44, 45, 46], [33, 34, 35, 36, 37, 38, 40, 41], [32]]"
Logan_2019-12-23,0,175.0,140.0,False,No supported nonedge flash sink,"[[11, 12, 13, 15, 16, 17, 19, 20, 21, 22], [1, 3, 4, 5, 7, 8, 9], [0]]","[[], [], []]"
Logan_2019-12-23,1,210.0,140.0,False,No supported nonedge flash sink,"[[44, 45, 46, 47, 48, 49, 50, 51, 52, 53, 54], [34, 35, 36, 37, 38, 40, 41, 42], [32, 33]]","[[], [], []]"
Logan_2019-12-24,0,770.0,140.0,False,No supported nonedge flash sink,"[[27, 28, 29, 30, 31], [18, 19, 20, 21, 22, 23, 24, 25, 26], [0, 1, 2, 3, 4, 5, 6, 7, 8, 9, 10, 11, 12, 13, 14, 15, 16, 17]]","[[], [], []]"
Logan_2019-12-24,1,210.0,175.0,False,No supported nonedge flash sink,"[[43, 44, 45, 46, 47, 48, 49, 50, 51, 52, 53, 54, 55, 56, 57, 58, 59, 60, 61, 62, 63], [34, 35, 36, 37, 38, 39, 40, 41, 42], [32, 33]]","[[], [], []]"
Logan_2019-12-26,0,420.0,420.0,True,Split-run agreement ≤70 µm and nonedge CSD minimum,"[[17, 19, 20, 21, 22, 23, 24, 25, 26, 27, 28, 29, 30, 31], [8, 9, 11, 12, 13, 15, 16], [0, 1, 3, 4, 5, 7]]","[[17, 19, 20, 21, 22, 23, 24, 25, 26, 27, 28, 29, 30, 31], [8, 9, 11, 12, 13, 15, 16], [0, 1, 3, 4, 5, 7]]"
Logan_2019-12-26,1,420.0,350.0,False,No supported nonedge flash sink,"[[49, 50, 51, 52, 53, 54, 55, 56, 57, 58, 59, 60, 61, 62, 63], [40, 41, 42, 44, 45, 46, 47, 48], [32, 33, 34, 36, 37, 38]]","[[], [], []]"
Logan_2019-12-30,0,175.0,140.0,False,No supported nonedge flash sink,"[[11, 12, 13, 15, 16, 17, 19, 20, 21, 22, 23, 24, 25, 26, 27, 28, 29, 30, 31], [1, 3, 4, 5, 7, 8, 9], [0]]","[[], [], []]"
Logan_2019-12-30,1,210.0,210.0,True,Split-run agreement ≤70 µm and nonedge CSD minimum,"[[44, 45, 46, 47, 48, 49, 50, 51, 52, 53, 54, 55, 56, 57, 58, 59, 60, 61, 62, 63], [34, 35, 36, 37, 38, 40, 41, 42], [32, 33]]","[[44, 45, 46, 47, 48, 49, 50, 51, 52, 53, 54, 55, 56, 57, 58, 59, 60, 61, 62, 63], [34, 35, 36, 37, 38, 40, 41, 42], [32, 33]]"
Logan_2019-12-31,0,770.0,140.0,False,No supported nonedge flash sink,"[[27, 28, 29, 30, 31], [19, 20, 21, 22, 23, 24, 25, 26], [0, 1, 3, 4, 5, 7, 8, 9, 11, 12, 13, 15, 16, 17]]","[[], [], []]"
Logan_2019-12-31,1,245.0,210.0,True,Split-run agreement ≤70 µm and nonedge CSD minimum,"[[44, 45, 46, 47, 48, 49, 50, 51, 52, 53, 54, 55, 56, 57, 58, 59, 60, 61, 62, 63], [35, 36, 37, 38, 40, 41, 42], [32, 33, 34]]","[[44, 45, 46, 47, 48, 49, 50, 51, 52, 53, 54, 55, 56, 57, 58, 59, 60, 61, 62, 63], [34, 35, 36, 37, 38, 40, 41, 42], [32, 33]]"
Logan_2020-01-06,0,385.0,315.0,True,Split-run agreement ≤70 µm and nonedge CSD minimum,"[[16, 17, 19, 20, 21, 22, 23, 24, 25, 26, 27, 28, 29, 30, 31], [7, 8, 9, 11, 12, 13, 15], [0, 1, 3, 4, 5]]","[[15, 16, 17, 19, 20, 21, 22, 23, 24, 25, 26, 27, 28, 29, 30, 31], [5, 7, 8, 9, 11, 12, 13], [0, 1, 3, 4]]"
Logan_2020-01-06,1,245.0,315.0,False,No supported nonedge flash sink,"[[44, 45, 46, 47, 48, 49, 50, 51, 52, 53, 54, 55, 56, 57, 58, 59, 60, 61, 62, 63], [35, 36, 37, 38, 39, 40, 41, 42], [32, 33, 34]]","[[], [], []]"
Logan_2020-01-07,0,630.0,385.0,True,Split-run agreement ≤70 µm and nonedge CSD minimum,"[[23, 24, 25, 26, 27, 28, 29, 30, 31], [15, 16, 17, 19, 20, 21, 22], [1, 3, 4, 5, 7, 8, 9, 11, 12, 13]]","[[16, 17, 19, 20, 21, 22, 23, 24, 25, 26, 27, 28, 29, 30, 31], [7, 8, 9, 11, 12, 13, 15], [1, 3, 4, 5]]"
Logan_2020-01-07,1,665.0,525.0,True,Split-run agreement ≤70 µm and nonedge CSD minimum,"[[56, 57, 58, 59, 60, 61, 62, 63], [47, 48, 49, 50, 51, 52, 53, 54, 55], [32, 33, 34, 35, 36, 37, 38, 39, 40, 41, 42, 43, 44, 45, 46]]","[[52, 53, 54, 55, 56, 57, 58, 59, 60, 61, 62, 63], [43, 44, 45, 46, 47, 48, 49, 50, 51], [32, 33, 34, 35, 36, 37, 38, 39, 40, 41, 42]]"
Logan_2020-01-09,0,665.0,770.0,False,No supported nonedge flash sink,"[[24, 25, 26, 27, 28, 29, 30, 31], [15, 16, 17, 18, 19, 20, 21, 22, 23], [0, 1, 2, 3, 4, 5, 6, 7, 8, 9, 10, 11, 12, 13, 14]]","[[], [], []]"
Logan_2020-01-09,1,490.0,525.0,True,Split-run agreement ≤70 µm and nonedge CSD minimum,"[[51, 52, 53, 54, 55, 56, 57, 58, 59, 60, 61, 62, 63], [42, 43, 44, 45, 46, 47, 48, 49, 50], [32, 33, 34, 35, 36, 37, 38, 39, 40, 41]]","[[52, 53, 54, 55, 56, 57, 58, 59, 60, 61, 62, 63], [43, 44, 45, 46, 47, 48, 49, 50, 51], [32, 33, 34, 35, 36, 37, 38, 39, 40, 41, 42]]"
Logan_2020-01-10,0,525.0,175.0,True,Split-run agreement ≤70 µm and nonedge CSD minimum,"[[20, 21, 22, 23, 24, 25, 26, 27, 28, 29, 30, 31], [11, 12, 13, 14, 15, 16, 17, 18, 19], [0, 1, 2, 3, 4, 5, 6, 7, 8, 9, 10]]","[[10, 11, 12, 13, 14, 15, 16, 17, 18, 19, 20, 21, 22, 23, 24, 25, 26, 27, 28, 29, 30, 31], [1, 2, 3, 4, 5, 6, 7, 8, 9], [0]]"
Logan_2020-01-10,1,280.0,840.0,True,Split-run agreement ≤70 µm and nonedge CSD minimum,"[[45, 46, 47, 48, 49, 50, 51, 52, 53, 54, 55, 56, 57, 58, 59, 60, 61, 62, 63], [36, 37, 38, 39, 40, 41, 42, 43, 44], [32, 33, 34, 35]]","[[61, 62, 63], [52, 53, 54, 55, 56, 57, 58, 59, 60], [32, 33, 34, 35, 36, 37, 38, 39, 40, 41, 42, 43, 44, 45, 46, 47, 48, 49, 50, 51]]"
Logan_2020-01-15,0,210.0,140.0,False,No supported nonedge flash sink,"[[11, 12, 13, 15, 16, 17, 19, 20, 21, 22, 23, 24, 25, 26, 27, 28, 29, 30, 31], [3, 4, 5, 7, 8, 9], [0, 1]]","[[], [], []]"
Logan_2020-01-15,1,245.0,210.0,True,Split-run agreement ≤70 µm and nonedge CSD minimum,"[[44, 45, 46, 47, 48, 49, 50, 51, 52, 53, 54, 55, 56, 57, 58, 59, 60, 61, 62, 63], [35, 36, 37, 38, 40, 41, 42], [32, 33, 34]]","[[44, 45, 46, 47, 48, 49, 50, 51, 52, 53, 54, 55, 56, 57, 58, 59, 60, 61, 62, 63], [34, 35, 36, 37, 38, 40, 41, 42], [32, 33]]"
Logan_2020-02-28,0,315.0,595.0,True,Split-run agreement ≤70 µm and nonedge CSD minimum,"[[15, 16, 17, 19, 20, 21, 22, 23, 24, 25, 26, 27, 28, 29, 30, 31], [5, 7, 8, 9, 11, 12, 13], [0, 1, 3, 4]]","[[22, 23, 24, 25, 26, 27, 28, 29, 30, 31], [13, 15, 16, 17, 19, 20, 21], [0, 1, 3, 4, 5, 7, 8, 9, 11, 12]]"
Logan_2020-02-28,1,315.0,350.0,True,Split-run agreement ≤70 µm and nonedge CSD minimum,"[[46, 47, 48, 49, 50, 51, 52, 53, 54, 55, 56, 57, 58, 59, 60, 61, 62, 63], [37, 38, 40, 41, 42, 44, 45], [32, 33, 34, 35, 36]]","[[47, 48, 49, 50, 51, 52, 53, 54, 55, 56, 57, 58, 59, 60, 61, 62, 63], [38, 40, 41, 42, 44, 45, 46], [32, 33, 34, 35, 36, 37]]"
Logan_2020-02-29,0,420.0,665.0,True,Split-run agreement ≤70 µm and nonedge CSD minimum,"[[17, 18, 19, 20, 21, 22, 23, 24, 25, 26, 27, 28, 29, 30, 31], [8, 9, 10, 11, 12, 14, 15, 16], [3, 4, 5, 6, 7]]","[[24, 25, 26, 27, 28, 29, 30, 31], [15, 16, 17, 18, 19, 20, 21, 22, 23], [3, 4, 5, 6, 7, 8, 9, 10, 11, 12, 14]]"
Logan_2020-02-29,1,420.0,385.0,True,Split-run agreement ≤70 µm and nonedge CSD minimum,"[[49, 51, 53, 54, 55, 56, 57, 58, 59, 60, 61, 62, 63], [41, 42, 43, 45, 47, 48], [35, 36, 37, 38, 39]]","[[48, 49, 51, 53, 54, 55, 56, 57, 58, 59, 60, 61, 62, 63], [39, 41, 42, 43, 45, 47], [35, 36, 37, 38]]"
Logan_2020-03-02,0,420.0,630.0,True,Split-run agreement ≤70 µm and nonedge CSD minimum,"[[17, 18, 19, 20, 21, 22, 23, 24, 25, 26, 27, 28, 29, 30, 31], [8, 9, 10, 11, 12, 13, 14, 15, 16], [3, 4, 5, 6, 7]]","[[23, 24, 25, 26, 27, 28, 29, 30, 31], [14, 15, 16, 17, 18, 19, 20, 21, 22], [3, 4, 5, 6, 7, 8, 9, 10, 11, 12, 13]]"
Logan_2020-03-02,1,385.0,385.0,True,Split-run agreement ≤70 µm and nonedge CSD minimum,"[[48, 49, 50, 51, 52, 53, 54, 55, 56, 57, 58, 59, 60, 61, 62, 63], [39, 40, 41, 42, 43, 44, 45, 46, 47], [35, 36, 37, 38]]","[[48, 49, 50, 51, 52, 53, 54, 55, 56, 57, 58, 59, 60, 61, 62, 63], [39, 40, 41, 42, 43, 44, 45, 46, 47], [35, 36, 37, 38]]"
Logan_2020-03-04,0,770.0,770.0,True,Split-run agreement ≤70 µm and nonedge CSD minimum,"[[27, 28, 29, 30, 31], [18, 19, 20, 21, 22, 23, 24, 25, 26], [12, 13, 14, 15, 16, 17]]","[[27, 28, 29, 30, 31], [18, 19, 20, 21, 22, 23, 24, 25, 26], [12, 13, 14, 15, 16, 17]]"
Logan_2020-03-04,1,560.0,700.0,False,No supported nonedge flash sink,"[[53, 54, 55, 56, 57, 58, 59, 60, 61, 62, 63], [44, 45, 46, 47, 48, 49, 50, 51, 52], []]","[[], [], []]"
Logan_2020-03-06,0,910.0,875.0,False,No supported nonedge flash sink,"[[31], [22, 23, 24, 25, 26, 27, 28, 29, 30], [15, 16, 17, 18, 19, 20, 21]]","[[], [], []]"
Logan_2020-03-06,1,910.0,910.0,True,Split-run agreement ≤70 µm and nonedge CSD minimum,"[[63], [54, 55, 56, 57, 58, 59, 60, 61, 62], [47, 48, 49, 50, 51, 52, 53]]","[[63], [54, 55, 56, 57, 58, 59, 60, 61, 62], [47, 48, 49, 50, 51, 52, 53]]"
