session,animal,trials,usable_trials,events,paper_fixations,saccade_hz,max_alignment_error_ms
Allen_2022-02-16,Allen,126,126,3885,2758,4.24881258654372,0.4996602201572386
Allen_2022-02-18,Allen,143,143,4438,3086,4.088580204002407,0.4996877305529779
Allen_2022-02-24,Allen,194,194,6028,4129,4.150882043487798,0.499888349622779
Allen_2022-03-02,Allen,191,191,6159,4263,4.3166908219380336,0.4999606408091495
Allen_2022-03-04,Allen,203,203,6988,4594,4.423022257104904,0.4999928933102637
Allen_2022-03-30,Allen,193,193,6023,4014,4.248769470519921,0.4999281827622326
Allen_2022-04-01,Allen,191,191,6015,4009,4.119389177347764,0.4999887078156462
Allen_2022-04-06,Allen,192,192,5932,3827,4.087887449871188,0.4999274096917361
Allen_2022-04-08,Allen,200,200,5934,3857,4.150908559414255,0.4998687181796413
Allen_2022-04-13,Allen,192,192,5974,3972,4.088132528117726,0.4999648117518518
Allen_2022-04-15,Allen,192,192,5734,3937,3.910316175527899,0.4999958755433908
Allen_2022-06-01,Allen,143,143,4352,2798,4.182501271250628,0.4999840493837837
Allen_2022-06-10,Allen,112,112,2988,1956,4.119457207150034,0.4999460870749317
Allen_2022-08-05,Allen,113,113,3306,2170,4.248627243925307,0.4999087650503497
Logan_2019-12-20,Logan,86,86,2591,1545,4.495329489411453,0.4997940145585744
Logan_2019-12-23,Logan,124,124,4153,2514,4.722136916307396,0.4999847246835998
Logan_2019-12-24,Logan,120,119,4026,2262,4.861264739759953,0.4999090392630023
Logan_2019-12-26,Logan,120,120,3565,2191,4.386912012690416,0.499982650126185
Logan_2019-12-30,Logan,121,121,2997,1871,4.057259048320746,0.4997994524273963
Logan_2019-12-31,Logan,121,121,3819,2226,4.351946312139513,0.4998966353468859
Logan_2020-01-06,Logan,117,117,4730,2505,5.680438588684807,0.4999499738005397
Logan_2020-01-07,Logan,123,123,4506,2572,4.905023215395965,0.4999875536668696
Logan_2020-01-09,Logan,123,123,4371,2487,4.905521239727596,0.4999709312869527
Logan_2020-01-10,Logan,89,88,3074,1764,4.905565368067876,0.499985050282703
Logan_2020-01-15,Logan,122,122,4109,2457,4.611988839482555,0.4998885806344333
Logan_2020-02-28,Logan,128,128,4576,2558,4.996688713109493,0.4998068952772883
Logan_2020-02-29,Logan,125,125,3506,2037,4.775268377074692,0.4998637355129176
Logan_2020-03-02,Logan,127,127,3832,2161,4.774896580430671,0.4999046566354082
Logan_2020-03-04,Logan,154,154,4658,2614,4.6516526825581686,0.4999972461519064
Logan_2020-03-06,Logan,127,127,3528,2015,4.572872708716341,0.4996574168671941
